Workbook
Name DupCount: SUMPRODUCT((TFA_Assign<>"")*(COUNTIF(TFA_Assign,TFA_Assign)+COUNTIF(TFB_Assign,TFA_Assign)>1))
Name TFA_Assign: 'Task Force A'!$C$5:$C$200
Name TFB_Assign: 'Task Force B'!$C$5:$C$200

Sheet Players
A1: Player Name | B1: Rank | C1: Overall Power | D1: Squad 1 Power (future) | E1: Squad 2 Power (future) | F1: Squad 3 Power (future) | G1: Squad 4 Power (future) | H1: Total Wall Power
A2: DefenestranatorX | B2: R5 | C2: 37.3 | D2: 13.79 | E2: 7.11 | F2: 6.32 | G2: 8.36 | H2: =G2+F2+E2+D2 -> 35.58 | J2: 20
A3: Cdub81 | B3: R4 | C3: 36 | D3: 9.8 | E3: 6.55 | F3: 5.58 | H3: =G3+F3+E3+D3 -> 21.93
A4: Sebby5683 | B4: R4 | C4: 45.1 | D4: 13.59 | E4: 8.55 | F4: 7.39 | G4: 8.96 | H4: =G4+F4+E4+D4 -> 38.49
A5: Gotchakwik | B5: R4 | C5: 41.5 | D5: 10.85 | E5: 6.81 | F5: 6.15 | H5: =G5+F5+E5+D5 -> 23.81
A6: Perky Petunia | B6: R4 | C6: 62.3 | D6: 13.64 | E6: 8.79 | F6: 8.64 | G6: 7.57 | H6: =G6+F6+E6+D6 -> 38.64
A7: PleaseBeNice | B7: R4 | C7: 49.7 | D7: 12.71 | E7: 7.73 | F7: 7.55 | G7: 6.3 | H7: =G7+F7+E7+D7 -> 34.29
A8: xEibon | B8: R4 | C8: 34.7 | D8: 11.68 | E8: 6.17 | F8: 5.52 | G8: 8.44 | H8: =G8+F8+E8+D8 -> 31.81
A9: PlagusStein | B9: R4 | C9: 65.6 | D9: 16.58 | E9: 10.4 | F9: 10.4 | G9: 10.47 | H9: =G9+F9+E9+D9 -> 47.85
A10: Zapatista09 | B10: R4 | C10: 35.7 | D10: 9.9 | E10: 6.65 | F10: 5.18 | H10: =G10+F10+E10+D10 -> 21.73
A11: SlipumDeadHead | B11: R4 | C11: 31.7 | D11: 10.28 | E11: 4.49 | F11: 4.44 | G11: 7.24 | H11: =G11+F11+E11+D11 -> 26.45
A12: Auti111 | B12: R4 | C12: 44.7 | D12: 9.84 | E12: 7.35 | F12: 5.91 | G12: 5.16 | H12: =G12+F12+E12+D12 -> 28.26
A13: champ234 | B13: R3 | C13: 44.7 | H13: =G13+F13+E13+D13 -> 0
A14: Patrick t | B14: R3 | C14: 29.1 | H14: =G14+F14+E14+D14 -> 0
A15: Artorias of TheAbyss | B15: R3 | C15: 26.9 | D15: 7.9 | E15: 4.27 | F15: 3.67 | H15: =G15+F15+E15+D15 -> 15.84
A16: xxxxxxy5 | B16: R3 | C16: 39.5 | D16: 10.92 | E16: 7.02 | F16: 6.27 | H16: =G16+F16+E16+D16 -> 24.21
A17: MelaniaAaa | B17: R3 | C17: 26.2 | D17: 6.54 | E17: 6.34 | F17: 5.37 | G17: 4.5 | H17: =G17+F17+E17+D17 -> 22.75
A18: Cowanjo | B18: R3 | C18: 55.6 | D18: 11.51 | E18: 7.94 | F18: 6.62 | G18: 7.21 | H18: =G18+F18+E18+D18 -> 33.28
A19: cassuhhdee | B19: R3 | C19: 23.8 | H19: =G19+F19+E19+D19 -> 0
A20: Neron Cr | B20: R3 | C20: 41.3 | H20: =G20+F20+E20+D20 -> 0
A21: Hydroplanist | B21: R3 | C21: 45.3 | D21: 9.11 | E21: 6.37 | F21: 6.06 | H21: =G21+F21+E21+D21 -> 21.54
A22: Jleehank | B22: R3 | C22: 40.9 | D22: 10.65 | E22: 6.84 | F22: 6.34 | G22: 5.56 | H22: =G22+F22+E22+D22 -> 29.39
A23: ShadowFOX | B23: R3 | C23: 21.6 | H23: =G23+F23+E23+D23 -> 0
A24: WGCSFV | B24: R3 | C24: 40.5 | D24: 9.69 | E24: 6.38 | F24: 5.53 | G24: 5.38 | H24: =G24+F24+E24+D24 -> 26.98
A25: WiseWordz | B25: R3 | C25: 30.7 | D25: 9.14 | E25: 6.79 | F25: 5.6 | H25: =G25+F25+E25+D25 -> 21.53
A26: K Hole | B26: R3 | C26: 36.1 | D26: 9.39 | E26: 5.98 | F26: 7.7 | G26: 7.73 | H26: =G26+F26+E26+D26 -> 30.8
A27: EAlon | B27: R3 | C27: 29.9 | D27: 9.39 | E27: 5.23 | F27: 4.64 | H27: =G27+F27+E27+D27 -> 19.26
A28: Moon Beast | B28: R3 | C28: 28.2 | D28: 7.63 | E28: 6.09 | F28: 4.91 | H28: =G28+F28+E28+D28 -> 18.63
A29: Mr 3 point 75 | B29: R3 | C29: 36.9 | H29: =G29+F29+E29+D29 -> 0
A30: Veneciano II | B30: R3 | C30: 75.1 | D30: 15.57 | E30: 13.65 | F30: 11.53 | G30: 8.97 | H30: =G30+F30+E30+D30 -> 49.72
A31: Action Jackson 59 | B31: R3 | C31: 29.6 | H31: =G31+F31+E31+D31 -> 0
A32: Lostinthewoods | B32: R3 | C32: 25.1 | H32: =G32+F32+E32+D32 -> 0
A33: King Kong SOS | B33: R3 | C33: 35.4 | D33: 12.44 | E33: 8.03 | F33: 6.53 | H33: =G33+F33+E33+D33 -> 27
A34: Tomsin72 | B34: R3 | C34: 29 | D34: 7.05 | E34: 5.41 | F34: 4.46 | H34: =G34+F34+E34+D34 -> 16.92
A35: Kor Pepper | B35: R3 | C35: 30.1 | D35: 10.41 | E35: 6.79 | F35: 6.2 | H35: =G35+F35+E35+D35 -> 23.4
A36: Great Obliterator | B36: R3 | C36: 30 | H36: =G36+F36+E36+D36 -> 0
A37: ZAlon | B37: R3 | C37: 17.9 | H37: =G37+F37+E37+D37 -> 0
A38: 브룩햄더슈 | B38: R3 | C38: 37.7 | H38: =G38+F38+E38+D38 -> 0
A39: rsltid | B39: R3 | C39: 37.7 | H39: =G39+F39+E39+D39 -> 0
A40: FRoldo | B40: R3 | C40: 31.2 | D40: 9.07 | E40: 5.47 | F40: 4.41 | H40: =G40+F40+E40+D40 -> 18.95
A41: Rotrotomeo | B41: R3 | C41: 39.8 | D41: 12.55 | E41: 7.78 | F41: 6.67 | G41: 9.02 | H41: =G41+F41+E41+D41 -> 36.02
A42: Lengendary Phoenix | B42: R3 | C42: 30.1 | D42: 5.99 | E42: 5.5 | F42: 3.74 | H42: =G42+F42+E42+D42 -> 15.23
A43: Akashi 明石 | B43: R3 | C43: 33.7 | H43: =G43+F43+E43+D43 -> 0
A44: GravyOC | B44: R3 | C44: 34.5 | H44: =G44+F44+E44+D44 -> 0
A45: LtTally | B45: R3 | C45: 24.4 | D45: 7.45 | E45: 4.93 | F45: 4.26 | H45: =G45+F45+E45+D45 -> 16.64
A46: Zonedelta | B46: R3 | C46: 31.1 | H46: =G46+F46+E46+D46 -> 0
A47: Ruby PR | B47: R3 | C47: 34.2 | D47: 12.61 | E47: 6.05 | F47: 4.11 | G47: 6.55 | H47: =G47+F47+E47+D47 -> 29.32
A48: T Crazy 10 | B48: R3 | C48: 31.8 | H48: =G48+F48+E48+D48 -> 0
A49: 파파로야 | B49: R3 | C49: 30.3 | H49: =G49+F49+E49+D49 -> 0
A50: Frainho | B50: R3 | C50: 31.5 | H50: =G50+F50+E50+D50 -> 0
A51: DodoBirrrd | B51: R3 | C51: 28 | H51: =G51+F51+E51+D51 -> 0
A52: Bedis1986 | B52: R3 | C52: 42.4 | H52: =G52+F52+E52+D52 -> 0
A53: wellinsjc | B53: R3 | C53: 25.1 | H53: =G53+F53+E53+D53 -> 0
A54: Kronoid | B54: R3 | C54: 30.6 | H54: =G54+F54+E54+D54 -> 0
A55: TwentyFifth Baam | B55: R3 | C55: 23.1 | D55: 7.1 | E55: 4.64 | F55: 3.45 | H55: =G55+F55+E55+D55 -> 15.19
A56: 指揮官21a462023 | B56: R3 | C56: 22.4 | H56: =G56+F56+E56+D56 -> 0
A57: soldado006 | B57: R3 | C57: 35.5 | D57: 10.17 | E57: 7.3 | F57: 5.91 | H57: =G57+F57+E57+D57 -> 23.38
A58: SrVizcaino | B58: R3 | C58: 35.8 | H58: =G58+F58+E58+D58 -> 0
A59: Jagb2011 | B59: R3 | C59: 38 | D59: 9.98 | E59: 6.96 | F59: 6.25 | H59: =G59+F59+E59+D59 -> 23.19
A60: Fernando Oliveira306 | B60: R3 | C60: 23.1 | H60: =G60+F60+E60+D60 -> 0
A61: BigMacFox | B61: R3 | C61: 31.5 | H61: =G61+F61+E61+D61 -> 0
A62: Crolll | B62: R3 | C62: 30.1 | D62: 7.79 | E62: 5.64 | F62: 4.67 | H62: =G62+F62+E62+D62 -> 18.1
A63: IBEWsparky | B63: R3 | C63: 30.4 | H63: =G63+F63+E63+D63 -> 0
A64: Magicplumb | B64: R3 | C64: 27.9 | H64: =G64+F64+E64+D64 -> 0
A65: Dictad0r | B65: R3 | C65: 34.2 | D65: 8.02 | E65: 6.01 | F65: 4.37 | H65: =G65+F65+E65+D65 -> 18.4
A66: Zombie Slayer 64 | B66: R3 | C66: 27.3 | H66: =G66+F66+E66+D66 -> 0
A67: kaymack | B67: R3 | C67: 32.5 | H67: =G67+F67+E67+D67 -> 0
A68: 열린강당 | B68: R3 | C68: 26.9 | H68: =G68+F68+E68+D68 -> 0
A69: uatataC | B69: R3 | C69: 28.1 | D69: 8.29 | E69: 4.88 | F69: 5.28 | H69: =G69+F69+E69+D69 -> 18.45
A70: Pakxsmallwolf | B70: R3 | C70: 37.4 | H70: =G70+F70+E70+D70 -> 0
A71: Jeeb1971 | B71: R3 | C71: 40.5 | H71: =G71+F71+E71+D71 -> 0
A72: Asya Go | B72: R3 | C72: 33.6 | D72: 8.7 | E72: 5.59 | F72: 4.88 | H72: =G72+F72+E72+D72 -> 19.17
A73: Ol Copper | B73: R3 | C73: 31.4 | D73: 8.24 | E73: 7.08 | F73: 6.4 | G73: 5.7 | H73: =G73+F73+E73+D73 -> 27.42
A74: MandaPandaaa | B74: R3 | C74: 35.7 | D74: 7.51 | E74: 5.64 | F74: 4.74 | H74: =G74+F74+E74+D74 -> 17.89
A75: blackflag1 | B75: R3 | C75: 30.6 | D75: 7.49 | E75: 5.1 | F75: 4.43 | G75: 3.84 | H75: =G75+F75+E75+D75 -> 20.86
A76: Didovi | B76: R3 | C76: 21.4 | H76: =G76+F76+E76+D76 -> 0
A77: Captain Fett | B77: R3 | C77: 49.2 | H77: =G77+F77+E77+D77 -> 0
A78: Hippie Mike | B78: R3 | C78: 51 | D78: 9.52 | E78: 7.56 | F78: 7.05 | G78: 6.95 | H78: =G78+F78+E78+D78 -> 31.08
A79: AChaosG | B79: R3 | C79: 31.7 | H79: =G79+F79+E79+D79 -> 0
A80: BallouB | B80: R3 | C80: 44.9 | D80: 11.24 | E80: 7.17 | F80: 8.06 | G80: 8.12 | H80: =G80+F80+E80+D80 -> 34.59
A81: Killin Zombs | B81: R3 | C81: 38.4 | H81: =G81+F81+E81+D81 -> 0
A82: Bottled In Bond | B82: R3
A83: Ace 664 | B83: R3 | H83: =G83+F83+E83+D83 -> 0
A84: DaggerSapper6 | B84: R2 | C84: 19.6 | D84: 4.75 | E84: 3.28 | F84: 3.32 | H84: =G84+F84+E84+D84 -> 11.35
A85: King Ibra | B85: R2 | C85: 25.6 | H85: =G85+F85+E85+D85 -> 0
A86: scubastevo | B86: R2 | C86: 22.1 | H86: =G86+F86+E86+D86 -> 0
A87: G R A N D A O SOS | B87: R2 | C87: 30.8 | H87: =G87+F87+E87+D87 -> 0
A88: DuhStroia | B88: R3 | C88: 39.9 | H88: =G88+F88+E88+D88 -> 0
A89: RangeCoach | B89: R3 | C89: 52.5 | H89: =G89+F89+E89+D89 -> 0
A90: Amerinda | B90: R2 | C90: 26.5 | D90: 6.06 | E90: 5.04 | F90: 4.5 | G90: 4.56 | H90: =G90+F90+E90+D90 -> 20.16
A91: SilentKnight61 | B91: R3 | C91: 64.1 | H91: =G91+F91+E91+D91 -> 0
A92: Budda254 | B92: R2 | C92: 25.5 | D92: 5.38 | E92: 4.47 | F92: 4.05 | H92: =G92+F92+E92+D92 -> 13.9
A93: JuanManRiot | B93: R3 | C93: 38 | H93: =G93+F93+E93+D93 -> 0
A94: King Radio | B94: R2 | C94: 30.5 | H94: =G94+F94+E94+D94 -> 0
A95: Jal Menino | B95: R2 | C95: 25.7 | H95: =G95+F95+E95+D95 -> 0
A96: ZMBISLAYER | B96: R2 | C96: 19 | H96: =G96+F96+E96+D96 -> 0
A97: DTgreaterthanMS | B97: R2 | C97: 23.5 | H97: =G97+F97+E97+D97 -> 0
A98: Scottg62 | B98: R2 | C98: 33.2 | D98: 7.16 | E98: 5.68 | F98: 4.56 | H98: =G98+F98+E98+D98 -> 17.4
A99: Slvrbullets | B99: R3 | C99: 51.2
A100: Aintnothing | B100: R3 | C100: 52.4 | H100: =G100+F100+E100+D100 -> 0
...

Sheet Task Force A
A1: Task Force A — Squad Builder
A2: Total Task Force Power | B2: =SUM(D5:D200) -> 2179.2
A3: Notes | B3: Select players from dropdowns. Power pulls from Players sheet (Overall Power). Duplicate players highlight red.
A4: Squad | B4: Slot | C4: Player | D4: Overall Power (M) | E4: Member Type
A5: Hospital Squad
B6: Strategist | C6: Bottled In Bond | D6: =IFERROR(VLOOKUP(C6,Players!$A:$C,3,FALSE),0) -> 0 | E6: Strategist
B7: Full-time 1 | C7: Jagb2011 | D7: =IFERROR(VLOOKUP(C7,Players!$A:$C,3,FALSE),0) -> 38 | E7: Full-time
B8: Full-time 2 | C8: Artorias of TheAbyss | D8: =IFERROR(VLOOKUP(C8,Players!$A:$C,3,FALSE),0) -> 26.9 | E8: Full-time
B9: Full-time 3 | C9: WGCSFV | D9: =IFERROR(VLOOKUP(C9,Players!$A:$C,3,FALSE),0) -> 40.5 | E9: Full-time
B10: Flex 1 | C10: Rotrotomeo | D10: =IFERROR(VLOOKUP(C10,Players!$A:$C,3,FALSE),0) -> 39.8 | E10: Flex
B11: Flex 2 | C11: Jleehank | D11: =IFERROR(VLOOKUP(C11,Players!$A:$C,3,FALSE),0) -> 40.9 | E11: Flex
B12: Squad Total | D12: =SUM(D6:D11) -> 186.1
A14: Oil Squad
B15: Strategist | C15: xEibon | D15: =IFERROR(VLOOKUP(C15,Players!$A:$C,3,FALSE),0) -> 34.7 | E15: Strategist
B16: Full-time 1 | C16: xxxxxxy5 | D16: =IFERROR(VLOOKUP(C16,Players!$A:$C,3,FALSE),0) -> 39.5 | E16: Full-time
B17: Full-time 2 | C17: Kor Pepper | D17: =IFERROR(VLOOKUP(C17,Players!$A:$C,3,FALSE),0) -> 30.1 | E17: Full-time
B18: Full-time 3 | C18: 브룩햄더슈 | D18: =IFERROR(VLOOKUP(C18,Players!$A:$C,3,FALSE),0) -> 37.7 | E18: Full-time
B19: Squad Total | D19: =SUM(D15:D18) -> 142
A21: Science & Info Squad
B22: Strategist | C22: Mr 3 point 75 | D22: =IFERROR(VLOOKUP(C22,Players!$A:$C,3,FALSE),0) -> 36.9 | E22: Strategist
B23: Full-time 1 | C23: Hippie Mike | D23: =IFERROR(VLOOKUP(C23,Players!$A:$C,3,FALSE),0) -> 51 | E23: Full-time
B24: Full-time 2 | C24: Zombie Slayer 64 | D24: =IFERROR(VLOOKUP(C24,Players!$A:$C,3,FALSE),0) -> 27.3 | E24: Full-time
B25: Full-time 3 | C25: soldado006 | D25: =IFERROR(VLOOKUP(C25,Players!$A:$C,3,FALSE),0) -> 35.5 | E25: Full-time
B26: Flex 1 | C26: PleaseBeNice | D26: =IFERROR(VLOOKUP(C26,Players!$A:$C,3,FALSE),0) -> 49.7 | E26: Flex
B27: Squad Total | D27: =SUM(D22:D26) -> 200.4
A29: Roaming Squad
B30: Full-time 1 | C30: King Kong SOS | D30: =IFERROR(VLOOKUP(C30,Players!$A:$C,3,FALSE),0) -> 35.4 | E30: Full-time
B31: Full-time 2 | C31: Sebby5683 | D31: =IFERROR(VLOOKUP(C31,Players!$A:$C,3,FALSE),0) -> 45.1 | E31: Full-time
B32: Full-time 3 | C32: PlagusStein | D32: =IFERROR(VLOOKUP(C32,Players!$A:$C,3,FALSE),0) -> 65.6 | E32: Full-time
B33: Full-time 4 | C33: DefenestranatorX | D33: =IFERROR(VLOOKUP(C33,Players!$A:$C,3,FALSE),0) -> 37.3 | E33: Full-time
B34: Full-time 5 | C34: Perky Petunia | D34: =IFERROR(VLOOKUP(C34,Players!$A:$C,3,FALSE),0) -> 62.3 | E34: Full-time
B35: Squad Total | D35: =SUM(D30:D34) -> 245.7
A37: Substitutes
B38: Sub 1 | C38: Cdub81 | D38: =IFERROR(VLOOKUP(C38,Players!$A:$C,3,FALSE),0) -> 36 | E38: Sub
B39: Sub 2 | C39: Zapatista09 | D39: =IFERROR(VLOOKUP(C39,Players!$A:$C,3,FALSE),0) -> 35.7 | E39: Sub
B40: Sub 3 | C40: Frainho | D40: =IFERROR(VLOOKUP(C40,Players!$A:$C,3,FALSE),0) -> 31.5 | E40: Sub
B41: Sub 4 | C41: 파파로야 | D41: =IFERROR(VLOOKUP(C41,Players!$A:$C,3,FALSE),0) -> 30.3 | E41: Sub
B42: Sub 5 | C42: Ruby PR | D42: =IFERROR(VLOOKUP(C42,Players!$A:$C,3,FALSE),0) -> 34.2 | E42: Sub
B43: Sub 6 | C43: Ace 664 | D43: =IFERROR(VLOOKUP(C43,Players!$A:$C,3,FALSE),0) -> 0 | E43: Sub
B44: Sub 7 | C44: Auti111 | D44: =IFERROR(VLOOKUP(C44,Players!$A:$C,3,FALSE),0) -> 44.7 | E44: Sub
B45: Sub 8 | C45: Magicplumb | D45: =IFERROR(VLOOKUP(C45,Players!$A:$C,3,FALSE),0) -> 27.9 | E45: Sub
B46: Sub 9 | C46: Veneciano II | D46: =IFERROR(VLOOKUP(C46,Players!$A:$C,3,FALSE),0) -> 75.1 | E46: Sub
B47: Sub 10 | D47: =IFERROR(VLOOKUP(#REF!,Players!$A:$C,3,FALSE),0) -> 0 | E47: Sub
B48: Sub Total | D48: =SUM(D38:D47) -> 315.4

Sheet Task Force B
A1: Task Force B — Squad Builder
A2: Total Task Force Power | B2: =SUM(D5:D200) -> 2013.2
A3: Notes | B3: Select players from dropdowns. Power pulls from Players sheet (Overall Power). Duplicate players highlight red.
A4: Squad | B4: Slot | C4: Player | D4: Overall Power (M) | E4: Member Type
A5: Hospital Squad
B6: Strategist | C6: Scottg62 | D6: =IFERROR(VLOOKUP(C6,Players!$A$2:$C$202,3,FALSE),0) -> 33.2 | E6: Strategist
B7: Full-time 1 | C7: JuanManRiot | D7: =IFERROR(VLOOKUP(C7,Players!$A$2:$C$202,3,FALSE),0) -> 38 | E7: Full-time
B8: Full-time 2 | C8: Patrick t | D8: =IFERROR(VLOOKUP(C8,Players!$A$2:$C$202,3,FALSE),0) -> 29.1 | E8: Full-time
B9: Full-time 3 | C9: LtTally | D9: =IFERROR(VLOOKUP(C9,Players!$A$2:$C$202,3,FALSE),0) -> 24.4 | E9: Full-time
B10: Flex 1 | C10: Great Obliterator | D10: =IFERROR(VLOOKUP(C10,Players!$A$2:$C$202,3,FALSE),0) -> 30 | E10: Flex
B11: Flex 2 | C11: r4iDIJN | D11: =IFERROR(VLOOKUP(C11,Players!$A$2:$C$202,3,FALSE),0) -> 51.5 | E11: Flex
B12: Squad Total | D12: =SUM(D6:D11) -> 206.2
A14: Oil Squad
B15: Strategist | C15: MelaniaAaa | D15: =IFERROR(VLOOKUP(C15,Players!$A$2:$C$202,3,FALSE),0) -> 26.2 | E15: Strategist
B16: Full-time 1 | C16: Budda254 | D16: =IFERROR(VLOOKUP(C16,Players!$A$2:$C$202,3,FALSE),0) -> 25.5 | E16: Full-time
B17: Full-time 2 | C17: IBEWsparky | D17: =IFERROR(VLOOKUP(C17,Players!$A$2:$C$202,3,FALSE),0) -> 30.4 | E17: Full-time
B18: Full-time 3 | C18: kaymack | D18: =IFERROR(VLOOKUP(C18,Players!$A$2:$C$202,3,FALSE),0) -> 32.5 | E18: Full-time
B19: Squad Total | D19: =SUM(D15:D18) -> 114.6
A21: Science & Info Squad
B22: Strategist | C22: WiseWordz | D22: =IFERROR(VLOOKUP(C22,Players!$A$2:$C$202,3,FALSE),0) -> 30.7 | E22: Strategist
B23: Full-time 1 | C23: Asya Go | D23: =IFERROR(VLOOKUP(C23,Players!$A$2:$C$202,3,FALSE),0) -> 33.6 | E23: Full-time
B24: Full-time 2 | C24: GravyOC | D24: =IFERROR(VLOOKUP(C24,Players!$A$2:$C$202,3,FALSE),0) -> 34.5 | E24: Full-time
B25: Full-time 3 | C25: SilentKnight61 | D25: =IFERROR(VLOOKUP(C25,Players!$A$2:$C$202,3,FALSE),0) -> 64.1 | E25: Full-time
B26: Flex 1 | C26: Moon Beast | D26: =IFERROR(VLOOKUP(C26,Players!$A$2:$C$202,3,FALSE),0) -> 28.2 | E26: Flex
B27: Squad Total | D27: =SUM(D22:D26) -> 191.1
A29: Roaming Squad
B30: Full-time 1 | C30: rsltid | D30: =IFERROR(VLOOKUP(C30,Players!$A$2:$C$202,3,FALSE),0) -> 37.7 | E30: Full-time
B31: Full-time 2 | C31: Killin Zombs | D31: =IFERROR(VLOOKUP(C31,Players!$A$2:$C$202,3,FALSE),0) -> 38.4 | E31: Full-time
B32: Full-time 3 | C32: Gotchakwik | D32: =IFERROR(VLOOKUP(C32,Players!$A$2:$C$202,3,FALSE),0) -> 41.5 | E32: Full-time
B33: Full-time 4 | C33: Jeeb1971 | D33: =IFERROR(VLOOKUP(C33,Players!$A$2:$C$202,3,FALSE),0) -> 40.5 | E33: Full-time
B34: Full-time 5 | C34: SlipumDeadHead | D34: =IFERROR(VLOOKUP(C34,Players!$A$2:$C$202,3,FALSE),0) -> 31.7 | E34: Full-time
B35: Squad Total | D35: =SUM(D30:D34) -> 189.8
A37: Substitutes
B38: Sub 1 | C38: Crolll | D38: =IFERROR(VLOOKUP(C38,Players!$A:$C,3,FALSE),0) -> 30.1 | E38: Sub
B39: Sub 2 | C39: Bedis1986 | D39: =IFERROR(VLOOKUP(C39,Players!$A:$C,3,FALSE),0) -> 42.4 | E39: Sub
B40: Sub 3 | C40: BigMacFox | D40: =IFERROR(VLOOKUP(C40,Players!$A:$C,3,FALSE),0) -> 31.5 | E40: Sub
B41: Sub 4 | C41: Amerinda | D41: =IFERROR(VLOOKUP(C41,Players!$A:$C,3,FALSE),0) -> 26.5 | E41: Sub
B42: Sub 5 | C42: G R A N D A O SOS | D42: =IFERROR(VLOOKUP(C42,Players!$A:$C,3,FALSE),0) -> 30.8 | E42: Sub
B43: Sub 6 | C43: DuhStroia | D43: =IFERROR(VLOOKUP(C43,Players!$A:$C,3,FALSE),0) -> 39.9 | E43: Sub
B44: Sub 7 | C44: Aintnothing | D44: =IFERROR(VLOOKUP(C45,Players!$A:$C,3,FALSE),0) -> 51.2 | E44: Sub
B45: Sub 8 | C45: Slvrbullets | D45: =IFERROR(VLOOKUP(#REF!,Players!$A:$C,3,FALSE),0) -> 0 | E45: Sub
B46: Sub 9 | C46: RangeCoach | D46: =IFERROR(VLOOKUP(C46,Players!$A:$C,3,FALSE),0) -> 52.5 | E46: Sub
B47: Sub 10 | C47: K1ngpen | D47: =IFERROR(VLOOKUP(C47,Players!$A:$C,3,FALSE),0) -> 0 | E47: Sub
B48: Sub Total | D48: =SUM(D38:D47) -> 304.9

Sheet Dashboard
A1: Task Force Power Comparison
A2: Task Force | B2: Total Power | C2: Difference vs A
A3: Task Force A | B3: ='Task Force A'!B2 -> 2179.2 | C3: 0
A4: Task Force B | B4: ='Task Force B'!B2 -> 2013.2 | C4: =B4-B3 -> -166
A6: Roster Checks
A7: Any duplicate players across A+B? | B7: =IF(DupCount>0,"YES","NO") -> NO
